Experiment_ID,Date_prepared,Prepared_by,Well,Hashtag,Hashtag_sequence,Hashtag_cat_n,Mouse_ID,Well_CT_ID,Condition,Species,Age,Age_group,Sex,Mouse_strain,Mouse_facility,Mouse_hygiene,Tissue,Sort_strategy,Sort_antibodies,Sort_antibodies_cat_n,Chromium_kit_version,Library_code,Viability,Expected_cells,Protocol,Final_cells_after_QC
Exp21,,Valeria,1,1,ACCCACCAGTAAGAC,BioLegend_155861,48K-57152,exp21_1,48K-57152 WT OT-I,Mus Musculus,,,,,,,,,,,,,,,,
Exp21,,Valeria,1,2,GGTCGAGAGCATTCA,BioLegend_155863,48K-57153,exp21_1,48K-57153 CA OT-I,Mus Musculus,,,,,,,,,,,,,,,,
Exp21,,Valeria,1,3,CTTGCCGCATGTCAT,BioLegend_155865,48K-57154,exp21_1,48K-57154 KO OT-I,Mus Musculus,,,,,,,,,,,,,,,,
Exp21,,Valeria,1,4,AAAGCATTCTTCACG,BioLegend_155867,48K-57155,exp21_1,48K-57155 WT OT-I,Mus Musculus,,,,,,,,,,,,,,,,
Exp21,,Valeria,1,5,CTTTGTCTTTGTGAG,BioLegend_155869,48K-57156,exp21_1,48K-57156 KO OT-I,Mus Musculus,,,,,,,,,,,,,,,,
Exp21,,Valeria,1,6,TATGCTGCCACGGTA,BioLegend_155871,48K-57148,exp21_1,48K-57148 CA OT-I,Mus Musculus,,,,,,,,,,,,,,,,
Exp21,,Valeria,1,7,GAGTCTGCCAGTATC,BioLegend_155873,48K-57149,exp21_1,48K-57149 WT OT-I,Mus Musculus,,,,,,,,,,,,,,,,
Exp21,,Valeria,1,8,TATAGAACGCCAGGC,BioLegend_155875,48K-57150,exp21_1,48K-57150 KO OT-I,Mus Musculus,,,,,,,,,,,,,,,,
Exp21,,Valeria,1,9,TGCCTATGAAACAAG,BioLegend_155877,48K-57151,exp21_1,48K-57151 CA OT-I,Mus Musculus,,,,,,,,,,,,,,,,
Exp43,,Valeria,1,1,ACCCACCAGTAAGAC,BioLegend_155861,48K-91932,exp43.Lck,WT,Mus Musculus,,,,,,,,,,,,,,,,
Exp43,,Valeria,1,2,GGTCGAGAGCATTCA,BioLegend_155863,48K-91933,exp43.Lck,cLCK KO,Mus Musculus,,,,,,,,,,,,,,,,
Exp43,,Valeria,1,3,CTTGCCGCATGTCAT,BioLegend_155865,48K-91934,exp43.Lck,WT,Mus Musculus,,,,,,,,,,,,,,,,
Exp43,,Valeria,1,5,CTTTGTCTTTGTGAG,BioLegend_155869,48K-91973,exp43.Lck,cLCK KO,Mus Musculus,,,,,,,,,,,,,,,,
Exp43,,Valeria,1,6,TATGCTGCCACGGTA,BioLegend_155871,48K-91974,exp43.Lck,WT,Mus Musculus,,,,,,,,,,,,,,,,
Exp43,,Valeria,1,9,TGCCTATGAAACAAG,BioLegend_155877,48K-91931,exp43.Lck,cLCK KO,Mus Musculus,,,,,,,,,,,,,,,,
